notice_date,reason,company,address,county,phone,business_type,affected,total_employees,layoff_date,dislocation,union,classification
12/11/2015,Plant Layoff,Eastman Kodak Company (Kodak  Office),"343 State Street Rochester, NY 14650",Monroe County,(585) 781-1758,Photographic equipment and Supplies,1,,3/9/2016,Economic,The affected  worker is not represented by a union.,Plant Layoff
1/28/2015,Plant Layoff,"MYPublisher, Inc. (Shutterfly)","8 Westchester Plaza Elmsford, NY10523",Westchester County,(803) 578-8188,Publishing,46,,to,Economic,There are no bumping rights at this facility and employees are not represented by any union.,Plant Layoff
12/1/2015,Plant Layoff,Credit Suisse Securities (USA) LLC,"One Madison Avenue and Eleven Madison Avenue New York, NY 10010",New York County,(212) 538-7303,Financial Institution,307,,to,Economic,"No bumping rights exist, and employees are not represented by a union.",Plant Layoff
12/18/2015,Plant Closing,"NRG Energy, Inc.","Huntley Generating Station 3500 River Road Tonawanda, NY14150",Erie County,(315) 349-2369,Power Plant,72,72,to,Economic,International Brotherhood of Electrical Workers -  Local Union 97,Plant Closing
12/18/2015,Plant Layoff,Eastman Kodak,"Rochester Tech Park 789 Elmgrove Road, Building 9 Rochester, NY",Monroe County,(585) 781-1758,Photographic equipment and supplies,1,,3/15/2016,Economic,Bumping rights do not exist.,Plant Layoff
12/17/2015,Plant Closing,"AdvantageCare Physicians, P.C.","1 MetroTech Center North Brooklyn, NY11201",Kings County,(646) 680-1303,Call Center,133,133,to,Economic,1199 SEIU United Healthcare Workers East,Plant Closing
12/14/2015,Plant Layoff,Eastman Kodak,"Rochester Tech Park 789 Elmgrove Road, Building 9 Rochester, NY",Monroe County,(585) 781-1758,Photographic equipment and supplies,1,,3/12/2016,Economic,Bumping rights do not exist.,Plant Layoff
2/6/2015,Plant Closing,Catholic Health Services Home Support Services (CHS),"15 Power Drive Hauppauge, NY11788",Suffolk County,(631) 465-6457,Home Support Services,38,38,to,Sale of CHS Home Support Services to Continued Care of L.I. Inc.,None of the affected employees are represented by a union or will have “bumping” rights to other positions.,Plant Closing
8/24/2015,Plant Layoff,British Airways,"John F. Kennedy International Airport, Terminal 7, Building 59 Jamaica, NY11430",Queens County,(212) 716-0466,Passenger Handling,143,,11/24/2015,Contract Expiration,International Association of Machinists and Aerospace Workers,Plant Layoff
8/31/2015,Plant Closing,"Morrison Management Specialists, Inc.","@ Nostrand Nursing and Rehabilitation Center 270 Nostrand Avenue Brooklyn, NY11205",Kings County,(508) 479-3041,Dining and Housekeeping Services,41,41,2/29/2016,Loss of Contract for Services,SEIU Local 1199,Plant Closing
12/11/2015,Plant Closing,Capsys Corporation,"Brooklyn Navy Yard, Building 2 63 Flushing Avenue, Unit 240 Brooklyn, NY11205",Kings County,(718) 403-0050,Modular building manufacturer,54,54,3/11/2016,Economic,New York City and Vicinity District Council of Carpenters.,Plant Closing
12/8/2015,Plant Layoff,Morgan Stanley (Various NYC sites),"1585Broadway New York, NY10036",New York County,(212) 761-8103,Financial services,358,,3/7/2016,Economic,Bumping rights are not recognized. Terminated employees are not permitted to displace remaining employees based on seniority or any other factor.,Plant Layoff
12/11/2015,Plant Layoff,Bank of America - Shared Service Operations Unit,"5701 Horatio Street Utica, NY13502",Oneida County,(202) 661-7130,Financial Services - Customer Contact Center,234,,to,Consolidation of Services,No bumping rights exist.Associates at this site are not represented by a Union.,Plant Layoff
12/8/2015,Plant Closing,Novartis Pharmaceuticals Corporation,"25 Old Mill Road Suffern, NY10901",Rockland County,(845) 368-6086,Pharmaceutical Manufacturing,60,----,7th,Economic,No union representation; bumping arrangements are not available for affected  employees.,Plant Closing
12/4/2015,Plant Closing,"Briarcliffe College, Inc.","1055 Stewart Avenue Bethpage, NY11714",Nassau/Suffolk County,(224) 293-5571,College,171,171,to,Economic,None of the affected are represented by a labor organization.,Plant Closing
12/3/2015,Plant Closing,RCS Capital Corporation - (Realty Capital Securities),"405 Park Avenue New York, NY10022",New York County,(646) 558-1187,Investment Brokerage/Dealer,79,79,to,Economic,No bumping rights in connection with this action.None of the employees affected are represented by a union.,Plant Closing
12/5/2015,Plant Closing,PCH Communications,"d/b/a Commonground/MGS 228 East 45th Street, Floor 14 New York, NY10017",New York County,(312) 229-7823,Marketing/Advertising,28,28,12/5/2015,Economic,None,Plant Layoff
11/30/2015,Plant Layoff,Sterling National Bank,"400 Rell Boulevard Montebello, NY10901",Rockland County,(845) 369-8086,Financial Institution,1,,to,Economic,There are no bumping rights.,Plant Layoff
11/30/2015,Possible Plant Closing,"FC Modular, LLC","Brooklyn Navy Yard 63 Flushing Avenue, Bldg. 293 Brooklyn, NY11205",Kings County,(718) 923-9518,Prefabricated modules manufacturing factory,218,218,may,Economic,There are no bumping rights.,Possible Plant Closing
11/25/2015,Plant Layoff,Jaffe & Asher LLP,"600 East 3rd Avenue New York, NY10016",New York County,(646) 313-2523,Law Offices,75,Approx,2/23/2016,Economic,No union involvement.,Plant Layoff
11/25/2015,Plant Closing,Service America Corporation,"d/b/a Centerplate d/b/a John Harvard's Brew House 2093 Smithhaven Plaza Lake Grove, NY11755",Suffolk County,(864) 248-2091,Restaurant,56,56,2/25/2016,Economic,Employees have no bumping rights.,Plant Closing
11/20/2015,Plant  Closing,Condé Nast(Details Magazine),"One World Trade Center New York, NY 10007",New York County,(212) 286-4572,Publishers,61,61,11/20/2015,Economic,No employees are  represented by unions and no employees have bumping rights.,Plant Closing
1/6/2015,Plant Unit Closing,TLC Health Network/Lake Shore Health Care Center,"Long Term Care Unit 845 Routes 5 & 20 (Main Road) Irving, NY14081",Chautauqua County,(716) 951-7037,Health Center - Long Term Care Unit,70,70,to,Sale of the facility,1199 SEIUUnited Healthcare Workers East,Plant Unit Closing
11/19/2015,Plant Closing,"PCX Aerostructures, LLC","55, 60 & 72 Milbar Boulevard Farmingdale, NY11735",Nassau County,(516) 509-7679,Machine shop,12,12,To,"Relocation of manufacturing work to our operations in Ronkonkoma, New York; Mansfield, Texas; and Newington, CT","Amalgamated Industrial Toy & Novelty Workers of America, Local 223, AFL-CIO",Plant Closing
5/1/2015,Plant Closing,"NBTY, Inc. and NBTY Manufacturing New York, Inc.","5100 & 7000 New Horizons Blvd Amityville, NY11701",Suffolk County,(631) 200-6154,Vitamins and Food Supplements Manufacturer,214,214,To,"Transfer of business to Nellson Nutraceutical, LLC in Irwindale, CA",There are no bumping rights and the affected employees are not represented by any union.,Plant Closing
11/20/2015,Plant Closing,American Express,"Enterprise Growth Business Unit 250 Hudson Street New York, NY33701",New York County,(212) 640-1130,Credit services,45,45,to,Reorganizing,No union representation,Plant Closing
11/18/2015,Plant Closing,"NRG Energy, Inc.","Dunkirk Power Plant 106 Point Drive North Dunkirk, NY14048",Chautauqua County,(315) 349-2369,Power Plant,64,64,to,Economic,International Brotherhood of Electrical Workers - Local Union 97,Plant Closing
8/18/2015,Plant Closing,"Catholic Charities Neighborhood Services, Inc. (Monica House)","161-01 89th Avenue Jamaica, NY11432",Queens County,(718) 722-6181,Monica House is a Community Residence/Single Room Occupancy (CR/SRO) transitional living residence.,26,26,12/31/2015,Building  deterioration and ongoing operating costs for repairs,Local 338 RWDSU/UFCW,Plant Closing
11/17/2015,Plant Closing,"Sodexo, Inc.","Sodexo Dining Services at Catholic Foreign Mission 55 Ryder Road Maryknoll, NY10545",Westchester County,(914) 941-7636Ext 2480,Food Service,38,38,1/15/2016,Loss of contract,Non-Union,Plant Closing
11/16/2015,Plant Layoff,Eastman Kodak,"Eastman Business Park 1999 Lake Avenue Rochester, NY",Monroe County,(585) 781-1758,Photographic equipment and supplies,1,,2/13/2016,Economic,Bumping rights do not exist.,Plant Layoff
11/17/2015,Plant Closing,IAC Acoustics,"1776Eastchester Road, Suite 210 Bronx, NY10462",Bronx County,(402) 323-7276,Noise Control products and systems,26,26,11/17/2015,Economic,No bumping rights implicated.,Plant Closing
11/10/2015,Plant Layoff,New York Life Insurance Company – Information Technology and Finance Operations,"51 Madison Avenue New York, NY10010",New York County,(212) 576-6598,Life Insurance,36,,to,Relocate some of the company’s Information Technology Operations and finance operations,There is no union representation at this location. Bumping arrangements are not available for affected employees.,Plant Layoff
11/10/2015,Plant  Layoff,New York Life Insurance  Company,"Information Technology and  Finance Operations One Rockwood Road Sleepy Hollow, NY",Westchester County,(212) 576-6598,Life Insurance,23,,To,Relocation of some functions of the Information Technology and finance operations,Bumping arrangements are not available for affected employees.,Plant Layoff
8/11/2015,Plant Closing,Coyne International Enterprises Corp.,"140 Cortland Avenue Syracuse, NY13202",Onondaga County,(315) 475-1626,Commercial Laundry Services,150,150,11/30/2015,Chapter 11 - Possible Sale of Facility,"Local 2607, Teamsters Local 294, Chauffeurs, Teamster, Warehousemen and Helpers Local Union #529, Teamsters Local 317",Plant Closing
11/9/2015,Plant Unit Closing,EmblemHealth Services Company LLC,"441 Ninth Avenue New York, NY10001",New York County,(646) 447-0495,Front End Paper Claims Processing,101,101,2/9/2016,Economic,Local 153 Office & Professional Employees International Union,Plant Unit Closing
10/2/2015,Plant  Closing,Health Republic Insurance of  New York,"30 Broad Street New York, NY 10004",New York County,(646) 760-0620,Insurance Provider,147,147,to,Economic,There are no bumping rights and the affected employees are not represented by a union.,PlantClosing
11/5/2015,Plant Layoff,Eastman Kodak,"Eastman Business Park 343 State Street Rochester, NY",Monroe County,(585) 781-1758,Photographic equipment and supplies,6,,2/2/2016,Economic,Bumping rights do not exist.,Plant Layoff
6/4/2015,Plant Closing,Getinge Sourcing LLC,"1777 East Henrietta Road Rochester, NY14623",Monroe County,(585) 272-5057,Medical Technology,52,,Postponed,Economic,"International Association of Machinists and Aerospace Workers (AFL-CIO) & International Brotherhood of Boilermakers, Iron, Shipbuilders, Blacksmiths, Forgers, and Helpers",Plant Closing
11/3/2015,Plant Closing,"Ideel, Inc.","620 8th Avenue, 45th Floor New York, NY10018",New York County,(312) 459-5407,Members only online shopping site,63,63,To,Relocating operations to Chicago,The affected employees are not represented by a union.Bumping rights do not exist.,Plant Closing
11/4/2015,Plant Closing,Texas de Brazil Corporation,"Texas de Brazil Churrascaria 1011 3rd Avenue New York, NY10065",New York County,(214) 615-2184,Restaurant,34,34,2/3/2016,Economic,No bumping rights exist.,Plant Closing
10/22/2015,Plant Closing,Jewish Board of Family and Children Services,"Copiague Mental Health Clinic & PROS Possibilities 445 Oak Street Copiague, NY",Suffolk County,(212) 632-4523,Mental Health Clinic,109,109,on,Surrendering it's OMH Clinic License,"District Council 1707, CSEAU, AFSCME, AFL-CIO and Local 215",Plant Closing
10/29/2015,Plant Closing,"Sentry Safe, Inc.","900 Linden Avenue Rochester, NY14650",Monroe County,(414) 766-6206,Metal Products Manufacturing,301,301,to,Relocation of operations,Bumping or transfer rights do not exist in the situation and affected employees are not represented by a labor union.,Plant Closing
10/29/2015,Plant Layoff,Eastman Kodak,"Eastman Business Park 1999 Lake Avenue Rochester, NY",Monroe County,(585) 781-1758,Photographic equipment and supplies,2,,1/26/2016,Economic,Bumping rights do not exist.,Plant Layoff
5/18/2015,Plant Closing,"Apex Tool Group, LLC","45 Cleveland Street Cortland, NY13045",Cortland County,(607) 756-2821Ext 202,Forgings and Galvanizing,89,89,To,Economic,"United Automobile, Aerospace, and Agricultural Implement Workers of American and its  affiliate U.A.W. Local #1774, U.A.W. Region 9",Plant Closing
10/29/2015,Plant Closing,Binder & Binder,"34 Industrial Street Bronx, NY10461",Bronx County,(888) 851-5467,Social Security Disability Advocates,109,109,1/31/2016,Economic,"United Services Workers Union, IUJAT, Local 455",Plant Closing
10/26/2015,Plant Closing,General Electric Company,"381 Broadway Fort Edward, NY12838",Washington County,(518) 746-5617,Energy Management,127,127,1/23/2016,Relocation of Operations,"Local 332 United Electrical, Radio and Machine Workers",Plant Closing
5/12/2015,Plant Layoff,Oneida Savings Bank,"182 Main Street Oneida, NY13421",Oneida County,(315) 366-3708,Bank - Back office,47,47,to,Merger,Employees are not represented by a union and there are no bumping rights for affected  employees.,Plant Layoff
9/14/2015,Plant Layoff,AT & T,"400 Hamilton Avenue White Plains, NY10601",Westchester County,(212) 803-2616,"Cable Television, cellphone, internet local and long distance phone services",68,,12/21/2015,Economic,CWA Local 1153,Plant Layoff
10/8/2015,Plant Unit Closing,Barclays Capital Inc.,"Wealth and Investment Management Division 745 Seventh Avenue New York, NY10019",New York County,(212) 412-3314,Financial,268,268,to,Economic,No bumping rights exist and none of the employees are represented by a union.,Plant Unit Closing
10/12/2015,,"The Bon Ton Stores, Inc. @ Destiny USA","9570 Destiny USA Drive Syracuse, NY13204",Onondaga County,(414) 212-6789,Retail store,45,45,2/28/2016,Economic,There will be no bumping rights for any affected employee.,Plant Closing
10/19/2015,Plant Closing,"Hillstone Restaurant Group, Inc.","d/b/a Houston's Restaurant Unit 1161-B Roosevelt Field Mall Garden City, NY11530",Nassau County,(602) 553-2111,Restaurant,71,71,12/30/2015,Lease Expiration,Non-union,Plant Closing
10/16/2015,Plant Closing,Jewish Board of Family and Children Services,"Hempstead Mental Health Clinic & Nassau County Care Coordination Programs 175 Fulton Street Hempstead, NY",Nassau County,(212) 632-4523,Mental Health Clinic,72,72,on,Surrendering it's OMH Clinic License,"District Council 1707, CSEAU, AFSCME, AFL-CIO and Local 215",Plant Closing
10/16/2015,Plant Closing,Drew's Food Corporation,"4511-8th Avenue Brooklyn, NY11220",Kings County,(718) 438-8847,Grocery Store,51,51,1/13/2016,Lease expired,"UFCW Local 342, RWDSU Local 338",Plant Closing
10/5/2015,Plant  Closing,"Hunter Ambulette-Ambulance, Inc.","163-15 46th Avenue Flushing, NY11358",Queens County,(212) 688-0888,Emergency Response Services,113,113,1/3/2016,Loss of contract with New York Presbyterian Hospital,"Amalgamated Industrial Toy & Novelty Workers of America, Local  223, AFL-CIO",Plant Closing
10/14/2015,Plant  Layoff,Eastman Kodak,"Eastman Business Park 343 State Street Rochester, NY",Monroe County,(585) 781-1758,Photographic equipment and supplies,1,,1/11/2016,Economic,Bumping rights  do not exist.,Plant Layoff
8/19/2013,Plant Layoff,Circor Flow Technologies,"Spence Engineering Company 150 Coldenham Road Walden, NY12586",Orange County,(845) 778-6232,Manufacturer of steam specialty & fluid control devices,52,91,Layoffs,Economic,International Association of Machinist and Aerospace Workers Union (IAM),Plant Layoff
10/12/2015,Plant  Layoff,Eastman Kodak,"Eastman Business Park 343 State Street Rochester, NY",Monroe County,(585) 781-1758,Photographic equipment and supplies,1,,1/9/2016,Economic,Bumping rights  do not exist.,Plant Layoff
10/9/2015,Temporary Plant Closing,Union Square Café,"Union Square Hospitality Group 21 E.16th Street New York, NY10003",New York County,(646) 747-7209,Restaurant,115,115,12/12/2015,Restaurant will be relocated and reopen in the spring of 2016,None of the affected employees have bumping rights.,Temporary Plant Closing
9/30/2015,Plant  Closing,Milleridge Village,"585 North Broadway Jericho, NY 11753",Nassau County,(516) 931-2201,Specialty Shops,27,27,12/31/2015,Economic,There are no  bumping rights and the affected employees are not represented by a union.,Plant Closing
10/5/2015,Plant Closing,CMG YOTEL NYC LLC - CGM YOTEL,"East & West Restaurant 570 10th Avenue New York, NY10036",New York County,(646) 449-7790,Restaurant,71,71,1/3/2016,Termination of restaurant agreement,None of the affected employees have bumping rights.,Plant Closing
9/28/2015,Plant Closing,Corizon Health,"Anna M. Kross Center 18-18 Hazen Street East Elmhurst, NY11370",Queens County,(347) 774-8000,Health Care Provider,246,1147,12/31/2015,Loss of contract,No bumping rights exist.,PlantClosing
10/2/2015,Plant Layoff,Sterling National Bank,"500 7th Avenue New York, NY10018",New York County,(845) 369-8086,Financial Institution,2,,to,Economic,There are no bumping rights.,Plant Layoff
10/1/2015,Plant Layoff,Eastman Kodak,"Eastman Business Park 343 State Street Rochester, NY",Monroe County,(585) 781-1758,Photographic equipment and supplies,1,,12/31/2015,Economic,Bumping rights do not exist.,Plant Layoff
10/2/2015,Plant Layoff,Barclays - BBPLC NY Branch,"1301 Avenue of the Americas New York, NY",New York County,(212) 412-3314,Financial,38,,The,Economic,There are no bumping rights.,Plant Layoff
10/2/2015,Plant Closing,"New York Skyline, Inc.","350 Fifth Avenue, 2nd Floor and Suite 5320 (Corporate Office) New York, NY10018",New York County,(212) 299-4915,Tourist attraction and Virtual Tour simulator,90,90,1/2/2016,Possible Termination of Lease,Bumping rights do not exist.,Plant Closing
10/1/2015,Plant Closing,"Brasserie Restaurant, LLC","owned by Patina Restaurant Group 100 East 53rd Street New York, NY10022",New York County,(213) 814-3032,Restaurant,68,68,1/3/2016,Economic,There are no bumping rights.,PlantClosing
9/30/2015,Plant Closing,ORAFOL Display Optics Inc.,"500 Lee Road Bldg. 500 Rochester, NY14606",Monroe County,(585) 285-4617,Microstructured Optic components,27,27,12/31/2015,Economic,No bumping rights exist.,Plant Closing
9/30/2015,Plant Closing,Angel 10th Ave. Food Corporation dba McDonald's,"427 10th Avenue New York, NY10001",New York County,(212) 564-7115 x101,Retail Food Establishment,65,65,12/31/2015,Real Estate Sold,There are no bumping rights.,Plant Closing
9/29/2015,Plant Layoff,"Amplify Education, Inc.","55 Washington Street, Suite 900 Brooklyn, NY11201",Kings County,(212) 796-2214,Education enrichment services,184,,9/29/2015,Economic,There are no employee representatives and  bumping rights do not exist.,Plant Layoff
9/29/2015,Plant Layoff,Milberg LLP,"One Pennsylvania Plaza New York, NY10119",New York County,(646) 733-5701,Law Practice,32,,To,Economic,"Employees do not have any transfer, reassignment, or bumping rights.",Plant Layoff
9/23/2015,Plant Layoff,Eastman Kodak,"Eastman Business Park 343 State Street Rochester, NY",Monroe County,(585) 781-1758,Photographic equipment and supplies,1,,12/30/2015,Economic,Bumping rights do not exist.,Plant Layoff
7/1/2015,Plant Closing,"Wade's Market, Inc., dba Wade's Market Center","6179 Rt. 96 Canandaigua, NY14425",Ontario County,(585) 924-3667 Ext 210,Grocery Store,132,132,To,Economic,-----,Plant Closing
9/24/2015,Plant Closing,Festo Corporation - Regional Service Center,"395 Moreland Road Hauppauge, NY11788",Suffolk County,(631) 404-3167,Engineering and manufacturing of pneumatic parts,33,33,to,Relocation of business to Ohio,Employees have no bumping rights.,Plant Closing
9/21/2015,Plant Layoff,New York Life Insurance Company – Information Technology Operations,"51 Madison Avenue New York, NY10010",New York County,(212) 576-6598,Life Insurance,3,,12/31/2015,Relocate some of the company’s Information Technology Operations,There is no union representation at this location. Bumping arrangements are not available for affected employees.,Plant Layoff
9/21/2015,Plant Layoff,New York Life Insurance Company – Information Technology Operations,"One Rockwood Road Sleepy Hollow, NY",Westchester County,(212) 576-6598,Life Insurance,5,,12/31/2015,Relocation of some functions of the Information Technology operations,Bumping arrangements are not available for affected employees.,Plant Layoff
9/18/2015,Plant Closing,Command Security Corporation,"@ United Airlines - LaGuardia Airport Jamaica, NY11371",Queens County,(703) 464-4735 x10053,Guard and Protection Services,108,108,12/1/2015,Loss of contract with United Airlines at LaGuardia Airport,SEIU Local 32BJ,Plant Closing
9/18/2015,Plant Closing,Command Security Corporation with United Airlines,"@JFK Airport Jamaica, NY 11430",Queens County,(703) 464-4735 Ext 10053,Guard and Protection Services,54,54,10/28/2015,Loss of contract with United Airlines at JFK,SEIU Local 32BJ,Plant Closing
9/21/2015,Plant Closing,"Toys ""R"" Us - Delaware, Inc.","1514 Broadway & 44th Street New York, NY10036",New York County,(646) 366-8841,Retail Toy Store,373,373,12/30/2015,Economic,There are no bumping rights.,Plant Closing
8/12/2015,Potential Plant Closing,"The Great Atlantic & Pacific Tea Company, Inc. (A&P)","(Various locations on Long Island, New York City and Hudson Valley Region) (See below for affected store locations)",Yonkers County,(201) 571-4018,Grocery Store,"13,097",13097,11/12/2015,The company has filed a voluntary petition in the United States Bankruptcy Court for the Southern District of New York under Chapter 11 of the Bankruptcy Code.,"1199 SEIU and UFCW Local 338, 342, 454A, 1262, 1245 and 1500.",Potential Plant Closing
9/14/2015,Plant Closing,Pfizer Inc.,"64 Maple Street Rouses Point, NY 12979",Clinton County,(845) 602-3611,Pharmaceuticals,10,90,12/12/2015,Economic,Local 95c International Chemical Workers Union/UFCW,Plant Closing
9/18/2015,Plant Closing,Daikin Applied,"4900 Technology Park Boulevard Auburn, NY13021",Cayuga County,(315) 282-6296,Air conditioning manufacturing,20,310,(9th,Economic-relocation of operations,"United Steelworkers, Local 32",Plant Closing
9/18/2015,Plant Closing,JPMorgan Chase & Co.,"Chase's Consumer & Community Banking Operations 900 Stewart Avenue Garden City, NY11530",Nassau County,(516) 745-4015,Banking,195,195,12/16/2015,Economic,The affected employees are not represented by a union. No bumping rights exist.,Plant Closing
9/15/2015,Plant Closing,Novartis Pharmaceuticals Corporation,"25 Old Mill Road Suffern, NY 10901",Rockland County,(845) 368-6086,Pharmaceutical Manufacturing,54,----,6th,Economic,No union representation; bumping arrangements are not available for affected employees.,Plant Closing
8/25/2015,Plant Closing,Esterline Norwich Aero Products,"50 O'Hara Drive Norwich, NY13815",Chenango County,(714) 736-7567,Aircraft Engine & Engine Parts Mfg,78,78,To,Economic,No bumping rights exist.,Plant Closing
3/17/2015,Plant Closing,"Pacific Global Advisors, LLC","535 Madison Avenue, Floor 14 New York, NY10022",New York County,(949) 219-3730,Investment advisors,37,37,to,Sale of company,There are no bumping rights. The affected employees are not represented by a union.,Plant Closing
9/10/2015,Plant Layoff,Pfizer Inc.,"401 North Middletown Road Pearl River, NY10965",Rockland County,"Mariana Arteaga, Human Resources Director, Manager & Operational Support
 Phone",Pharmaceutical Products,16,----,To,Company Restructuring,Local 95c ICWU/UFCW,Plant Layoff
7/29/2015,Plant Closing,"Narco Freedom, Inc.","(MMPP) 250 Grand Concourse Bronx, NY10451",Bronx/Kings/Queens County,(718) 292-2240,Alcohol & Substance Abuse Treatment & CASAC Training Centers,8,513,9/21/2015,Economic,No employee will have bumping rights.,Plant Closing
8/31/2015,Plant Closing,Liberty Healthcare  Corporation,"@ Westchester Behavioral  Health Center 100 Woods Road Valhalla, NY 10595",Westchester County,(610) 668-8800,Healthcare,199,199,11/30/2015,Liberty Healthcare Corporation’s contract with the Westchester County  Health Care Corporation to provide health care professionals is being  terminated.,No union  presence at this site.,Plant Closing
9/1/2015,Plant Layoff,"Misys International Banking Systems, Inc.","1180 Avenue of the Americas New York, NY10036",New York County,(972) 707-4637,Bank,54,,layoffs,Relocation of certain operations out of NY State,There are no transfer or bumping rights application and no union represents any of the  affected employees.,Plant Layoff
10/2/2014,Plant Closing,"Market Track, LLC","36-36 33rd Street #501 Long Island City, NY11106",Queens County,(718) 482-4249,Advertising tracking firm,107,approximately,to,Relocation,Bumping rights do not apply.,Plant Closing
5/28/2015,Plant Closing,CBC America Corp,"55 Mall Drive Commack, NY11725",Suffolk County,(631) 930-3405,"Global network of manufacturing, import, export, trading and distribution companies",46,46,to,Relocation of offices to North Carolina,There are no bumping rights and the affected employees are not represented by a union.,Plant Closing
6/22/2015,Plant Closing,Envoy Air Inc.,"John F. Kennedy International Airport JFK Access Rd., Terminal 8 Jamaica, NY11430",Queens County,(631) 960-1764,Aircraft Maintenance,10,10,9/25/2015,Economic,Air Transport Division,Plant Closing
5/22/2015,Plant Closing,"Envoy Air, Inc.:",,Queens County,(972) 374-5203,Crew and Maintenance facilities,693,693,All,Reassignment of personnel to Dallas/Fort Worth & Chicago airports,"Association of Flight Attendants, Air Line Pilots Association",Plant Closing
8/26/2015,Plant Closing,Envoy Air Inc.,"John F. Kennedy International Airport JFK Access Rd., Terminal 8, Building 56 Gate 31 Jamaica, NY11430",Queens County,(972) 374-4794,Airline,1,,11/30/2015,Economic,-----,Plant Closing
7/8/2014,Plant Closing,"Gameloft, Inc.","275 7th Avenue New York, NY 10001",New York County,(212) 994-2505,Game Developer,70,70,70,Economic,Bumping rights do not exist.,Plant Closing
3/25/2013,Plant Closing,SUNY Downstate Medical Center at LICH - StaffCo of Brooklyn LLC,"339 Hicks Street Brooklyn, NY11201",Kings County,(718) 780-1500,Medical Center,61,111,Postponed,Economic,"1199 SEIU United Healthcare Workers East, New York State Nurses Association, Local 30 & 30 A-B-C-D of the International Union of Operating Engineers, and Special and Superior Officers Benevolent Association",Plant Closing
8/17/2015,Plant Closing,Pfizer Inc.,"64 Maple Street Rouses Point, NY 12979",Clinton County,(845) 602-3611,Pharmaceuticals,17,,To,Economic,Local 95c International Chemical Workers Union/UFCW,Plant Closing
8/26/2015,Plant Layoff,Honeywell Scanning and Mobility,"700 Visions Drive POB 208 Skaneateles Falls, NY13153",Onondaga County,(319) 369-3552,Developing and Manufacturing - Clean Energy Systems,1,,12/31/2015,Economic,Employees are not represented by a union and do not have bumping rights.,Plant Layoff
8/21/2015,Plant Closing,"Sears, Roebuck & Co. - Carry In Division","120 Spargnoli Road, Suite 3 Melville, NY11747",Suffolk County,(317) 370-9103,Appliance Repair Division,31,31,During,Economic,There are no bumping or transfer rights at this location.,Plant Closing
8/20/2015,Plant Closing,San Mateo Construction,"152 Fulton Avenue White Plains, NY10606",Westchester County,(914) 428-7421,Construction Company,90,90,8/31/2015,Loss of Contract with Consolidated Edison,Local 143 IBEW,Plant Closing
8/25/2015,Plant Layoff,Sterling National Bank,"111 Brook Street Scarsdale, NY 10583",Westchester County,(845) 369-8086,Financial Institution,3,,to,Merger,There are no bumping rights.,Plant Layoff
8/21/2015,Plant Closing,Restaurant Associates - Capital One Locations,"90 Park Avenue New York, NY10016",New York County,(212) 613-5500,Food Service,11,11,10/12/2015,Loss of Contract,-----,Plant Closing
8/19/2015,Plant Closing,First American International Bank - Forest Hills Branch,"107-50 Queens Blvd Forest Hills, NY11375",Queens County,(631) 881-5197,Bank,2,5(3,11/21/2015,Economic,There is no employee representative.,Plant Closing
8/12/2015,Potential Plant Closing,"The Great Atlantic &  Pacific Tea Company, Inc. (A&P)","(Various locations on Long  Island, New York City and Hudson Valley Region) (See below for affected store  locations)",Yonkers / WIB Name County,(201) 571-4018,Grocery Store,"13,097",13097,11/12/2015,The company has filed a voluntary  petition in the United States Bankruptcy Court for the Southern District of New  York under Chapter 11 of the Bankruptcy Code.,"1199 SEIU and UFCW  Local 338, 342, 454A, 1262, 1245 and 1500.",Potential Plant Closing
6/1/2015,Plant  Closing,,"Nirvana, Inc., and Nirvana  Warehousing, Inc. One Nirvana Plaza Forestport, NY 13338",Oneida County,(315) 942-4900 ext.225,Spring Water Distributor,70,70,Terminations,Chapter 11 Bankruptcy,Employees are not represented by a union. Bumping rights for the affected employees do not exist.,Plant Closing
8/17/2015,Plant Unit Closing,The New York Foundling (Casa  de Paz program),"590 Avenue of the Americas New York, NY 10011",New York County,(212) 886-4037,Emergency shelter for unaccompanied minor children crossing into the United States from Latin America,33,33,9/30/2015,Loss of contract with the U.S. Office of Refugee Resettlement,There are no bumping rights for employees affected by this action and the employees are not represented by any labor union.,Plant unit Closing
8/20/2015,Plant Closing,Thomson Reuters,"117 East Stevens Avenue Valhalla, NY 10595",Westchester County,(914) 239-2966,Investment Firm,37,37,Layoffs,Relocation ofTax & Accounting Customer Service and  Financial Operations functions,None of the affected employees are represented by a union.,Plant Closing
8/18/2015,Plant Closing,Phoenix House - 185th Street  Short Term Residential Program,"480 East 185th Street New York, NY 10458",New York County,(718) 222-6649,Drug Rehabilitation,26,26,11/15/2015,Economic,Bumping rights do not exist and the affected workers are not represented by a union.,Plant Closing
4/1/2015,Plant Closing,Yeshiva University - Albert  Einstein College of Medicine,"1300 Morris Park Avenue Bronx, NY 10461",Bronx County,(718) 430-2541,Medical School,1480,1480,08/31/2015,COM  will take operational control,"1199 SEIU, NYSNA, APTA",Plant Closing
8/14/2015,Temporary Plant Closing,One UN New York Hotel (East  Tower),"1 United Nations Plaza New York, NY 10017",New York County,(212) 758-1234,Hotel,111,275,11/15/2015,"Renovations to the East Tower.The Hotel anticipates that it will re-open on or about May 10, 2016.","New York Hotel & Motel Trades Council, AFL-CIO; UNITE HERE",Temporary Plant Closing
8/11/2015,Plant Closing,One UN New York Hotel (East  Tower),"1 United Nations Plaza New York, NY 10017",Westchester County,(847) 646-4747,Food Manufacturer and Distributor,129,129,Expected,"Merger between Kraft Foods Group, Inc. and the H. J. Heinz Holding Corporation",There are no bumping rights.,Plant Closing
8/10/2015,Plant Layoff,"Ideel, Inc.","620 8th Avenue, 45th Floor New York, NY 10018",New York County,(646) 793-2449,Members only online shopping site,39,,To,Economic,The affected employees are not represented by a union.Bumping rights do not exist.,Plant Layoff
4/29/2015,Plant Closing,"Krinos Foods, LLC","47-00 Northern Blvd Long Island City, NY 11101",Queens County,(718) 729-9000,Importers & Manufacturers of Specialty Foods,No,70,-----,"Relocation of operations to 1734 Bathgate Avenue, Bronx NY 10457",Employees will not bump or displace other employees in order to remain employed with the  company.,Plant Closing
6/25/2015,Plant Closing,Ramada Syracuse,"1305 Buckley Road N. Syracuse, NY 13212",Onondaga County,(315) 671-5960,Hotel,81,81,9/25/2015,Economic,Bumping rights do not exist.,Plant Closing
4/30/2015,Plant Closing,Niagara LaSalle Corporation,"110 Hopkins Street Buffalo, NY 14220",Erie County,(219) 853-6108,Steel Bar Manufacturer,49,49,To,Economic,None of the company's affected employees are unionized.,Plant Closing
7/31/2015,Plant Layoff,Menorah Licensed Homecare,"2700 North Forest Road Getzville, NY14068",Erie County,(716) 639-3311 Ext.2437,Home Care Services,63,,on,Economic,1199SEIU United Healthcare Workers East,Plant Layoff
7/31/2015,Plant  Closing,Pfizer Inc.,"64 Maple Street Rouses Point, NY 12979",Clinton County,(845) 602-3611,Pharmaceuticals,13,,To,Economic,Local 95c International Chemical Workers Union/UFCW,Plant Closing
7/30/2015,Plant Layoff,Eastman Kodak Company,"(Eastman Business Park) 1669 Lake Avenue Rochester, NY 14650",Monroe County,(585) 781-1758,Photographic equipment and Supplies,1,,10/27/2015,Economic,Bumping rights  do exist.,Plant Layoff
7/31/2015,Plant  Closing,Battery Park City Parks  Conservancy,"75 Battery Place New York, NY 10280",New York County,(212) 417-3196,"Manage, maintain, operate and program the parks and  open spaces of Battery Park City",125,125,10/31/2015,Economic,None of the affected employees are represented by a union or will have “bumping” rights to  other positions.,Plant Closing
3/31/2015,Plant Closing,Michael Malotz Skilled  Nursing Facility (Michael Malotz),"120 Odell Avenue Yonkers, NY 10701",Westchester County,(914) 964-4722,Skilled Nursing Facility,226,226,8/19/2015,Sale of Business,"1199 SEIU, Local 30",Plant Closing
7/27/2015,Plant  Closing,Menorah Home & Hospital  for the Aged,"Adult Day Health Center 6202 16th Avenue Brooklyn, NY 11204",Kings County,(718) 630-2555,Adult Day Center,47,47,10/25/2015,Economic,1199 SEIU,Plant Closing
7/22/2015,Plant  Closing,Restaurant Associates (The  Brooklyn Museum),"200 Eastern Parkway Brooklyn, NY 11238",Kings County,(212) 874-5530,Food Services,32,32,9/30/2015,Loss of Contract,"Unite Here, Local 100",Plant Closing
7/24/2015,Plant Layoff,Quirky Inc.,"Headquarters 606 West 28th Street New York, NY",New York County,(518) 332-5950,Invention Company,109,,to,Economic,No bumping rights exist and there are no bargaining unit employees.,Plant Layoff
7/23/2015,Plant  Layoff,"Samsung Electronics America,  Inc.","123 West 18th Street, 7th  Floor New York, NY",New York County,(972) 761-7756,Electronics Company,42,,10/21/2015,Terminate PX Project Research and Development Team,Employees are  not unionized or otherwise organized.,Plant Layoff
7/22/2015,Plant Layoff,"Advance Publications, Inc.","Staten Island Advance 950 Fingerboard Road Staten Island, NY 10305",Richmond County,(718) 816-2852,Newspaper Publication,45,,10/23/2015,Company Restructuring - Outsourcing certain business operations,Employees are  not represented by unions nor do they have bumping rights.,Plant Layoff
7/27/2015,Plant Closing,Depalino Restaurant Corp.,"DBA City Crab and Seafood  Company 235 Park Ave S New York, NY 10003",New York County,(212) 253-6404,Restaurant,73,73,8/30/2015,Economic,Employees have  no bumping rights.,Plant Closing
7/23/2015,Plant  Layoff,Sterling National Bank,"1412 Broadway New York, NY 10018",New York/Bronx County,(845) 369-8086,Financial Institution,6,,to,Economic,There are no bumping rights.,Plant Layoff
7/21/2015,Plant  Layoff,Gold Pure Food Products Co.  Inc.,"1 Brooklyn Road Hempstead Village, NY 11550-6619",Nassau County,(516) 483-5600,Food Products,56,,7/31/2015,"Asset Purchase Agreement with Gold's Pure Foods, LLC",Teamsters Local 802 Bakery & Warehouse Division,Plant Layoff
7/21/2015,Plant  Closing,"United Airlines, Inc.","John F. Kennedy International  Airport, Terminal 7 Jamaica, NY 11430",Queens County,(973) 681-2040/(973) 681-0182,Transcontinenal Flights/p.s. service,271,271,to,Transfer operation to Newark Liberty International  Airport (EWR),International Association of Machinists and Aerospace  Workers,Plant Closing
7/24/2015,Plant  Closing,Restaurant Associates (Credit  Suisse),"11 Madison Avenue New York, NY 10010",New York/Kings County,(212) 325-5244,Food Services,42,42,9/18/2015,Building Renovations,"Unite Here, Local 100",Plant Closing
7/7/2015,Plant  Layoff,Sterling National Bank,"500 7th Avenue New York, NY 10018",New York County,(845) 369-8086,Financial Institution,5,,to,Economic,There are no  bumping rights.,Plant Layoff
7/18/2015,Plant  Closing,The Great Atlantic Pacific  Tea Company,"Pathmark Store #6623 1764 Grand Avenue Baldwin, NY 11510",Nassau County,(201) 571-4018,Supermarket,128,128,Separations,Economic,UFCW Locals,Plant Closing
7/16/2015,Plant  Closing,Durham School Services,"10-14 Tucker Drive Poughkeepsie, NY 12603",Dutchess County,(630) 210-2724,Transportation Services,76,76,10/15/2015,"Loss of Contract with Spackenkill United Free School  District, Dutchess County BOCES and Rhinebeck School District",Bumping rights  do exist.,Plant Closing
7/9/2015,Plant Closing,Durham School Services,"10-14 Tucker Drive Poughkeepsie, NY 12603",Westchester County,(914) 220-4344,Transportation Department,10,10,10/8/2015,Economic,"Local 1181-1061 Amalgamated Transit Union AFL-CIO, Local 338 Retail, Wholesale, Department Store Union (TWDSU), United Food and Commercial Workers (UFCS) (Local338)",Plant Closing
6/18/2015,Plant  Closing,"Spanier Building Maintenance  Co., Inc.","One Wall Street New York, NY",New York County,(212) 868-3441,Building Service & Maintenance,40,40,to,Economic,"Local 32BJ, SEIU",Plant Closing
7/10/2015,Plant Closing,Daikin Applied,"4900 Technology Park  Boulevard Auburn, NY 13021",Cayuga County,(315) 282-6296,Air conditioning manufacturing,179,310,(8th,Economic,"United Steelworkers, Local 32",Plant Closing
4/27/2015,Plant Unit Closing,Ortho Clinical Diagnostics,"100 Indigo Creek Drive Rochester, NY 14626",Monroe County,(585) 453-4642,Instrument Manufacturing Operations,105,1000,undetermined,Transitioning operations to Nypro Inc.,Bumping  rights are not available.,Plant Unit Closing
7/8/2015,Plant  Closing,Research Foundation  CUNY/Bronx Community College,"Poised for Success Program 2205 Sedgwick Avenue,  Altschul Hall, 1st Floor Bronx, NY 10453",KING/Bronx County,(212) 417-8601,Community Service Program,11,11,10/9/2015,Funding Cuts,None of the  affected employees will have “bumping” rights to other positions.,Plant Closing
7/7/2015,Plant  Layoff,Eastman Kodak,"Eastman Business Park 343 State Street Rochester, NY",Monroe County,(585) 781-1758,Photographic equipment and supplies,1,,10/6/2015,Economic,Bumping rights  do not exist.,Plant Layoff
7/2/2015,Plant Closing,Eastman Kodak,"Eastman Business Park 343 State Street Rochester, NY",New York County,(212) 768-5971,Corporate Offices,70,70,Layoffs,Reorganization,"Workers United; New York Coat, Suit, Dress, Rainwear & Allied Worker Local 89-22-1, Workers United; Amalgamated Ladies’Garment Cutters Union Local 10, Workers United",Plant Closing
7/1/2015,Plant  Closing,Bosch Healthcare Systems Inc.,"2118 Beech Grove Utica, NY 13501",Oneida County,(734) 709-8196,Healthcare Services,19,19,Late,Economic,There is no union.,Plant Closing
7/7/2015,Plant  Closing,Pfizer Inc.,"64 Maple Street Rouses Point, NY 12979",Clinton County,(845) 602-3611,Pharmaceuticals,27,,To,Economic,Local 95c International Chemical Workers Union/UFCW,Plant Closing
7/7/2015,Plant Layoff,Pfizer Inc.,"401 North Middletown Road Pearl River, NY 10965",Rockland County,"Mariana Arteaga, Human Resources Director,
 Phone",Pharmaceutical Products,23,----,To,Company Restructuring,Local 95c ICWU/UFCW,Plant Layoff
6/9/2015,Plant Closing,Pfizer Inc.,"401 North Middletown Road Pearl River, NY 10965",Kings County,(516) 741-2860,Dialysis Services,65,65,To,Sale of facility,1199 SEIU United Healthcare Workers East; New York State Nurses Association,Plant Closing
6/30/2015,Plant Closing,Pfizer Inc.,"401 North Middletown Road Pearl River, NY 10965",Kings County,(718) 802-1085,Medical Supplies and Services,52,52,9/30/2015,"Relocation to South Plainfield, NJ",Affected employees are not represented by a union.,Plant Closing
2/27/2015,Plant Closing,Pfizer Inc.,"401 North Middletown Road Pearl River, NY 10965",New York County,(412) 234-8952,Financial,50,50,layoffs,Economic,The affected employees are not represented by a union or any other collective bargaining representative.,Plant Closing
6/25/2015,Plant Layoff,Pfizer Inc.,"401 North Middletown Road Pearl River, NY 10965",Monroe County,(585) 781-1758,Photographic equipment and supplies,1,,9/22/2015,Economic,Bumping rights do not exist.,Plant Layoff
6/19/2015,Plant Closing,Pfizer Inc.,"401 North Middletown Road Pearl River, NY 10965",Queens County,(973) 699-3874,Grocery Store,83,83,9/17/2015,Economic,Local 338 RWDSU/UFCW and Local 342 UFCW,Plant Closing
6/23/2015,Plant Closing,Pfizer Inc.,"401 North Middletown Road Pearl River, NY 10965",Monroe County,(585) 402-7214,Distribution Facility & Resale Stores,28,28,10/31/2015,Economic,No Union affiliation,Plant Closing
6/16/2015,Plant  Closing,"Johnson Controls, Inc. @ Eastman Kodak","Kodak Research Labs 1999 Lake Avenue Rochester, NY",Monroe County,(908) 835-0420,Equipment and Building Maintenance,32,32,9/15/2015,Contract Expiration,UA Local 13,Plant Closing
6/17/2015,Plant  Closing,"Sodexo, Inc. @ Colgate University","Frank Dining Hall 13 Oak Drive Hamilton, NY 13346",Madison County,(315) 228-7669,Food Services,99,99,7/11/2015,Expiration of Contract,SEIU Local 200,Plant Closing
6/23/2015,Plant  Closing,Novartis Pharmaceuticals  Corporation,"25 Old Mill Road Suffern, NY 10901",Rockland County,(845) 368-6086,Pharmaceutical Manufacturing,21,----,5th,Economic,No union  representation; bumping arrangements are not available for affected  employees.,Plant Closing
6/23/2015,Plant Layoff,Eastman Kodak,"Kodak Research Labs 1999 Lake Avenue Rochester, NY",Monroe County,(585) 781-1758,Photographic equipment and supplies,1,,9/14/2015,Economic,Bumping rights  do not exist.,Plant Layoff
6/18/2015,Plant Layoff,New York Life Insurance  Company,"51 Madison Avenue New York, NY 10010",New York County,(212) 576-6598,Life Insurance,17,,To,Relocation of finance operations,There is no  union representation at this location. Bumping arrangements are not available for affected employees.,Plant Layoff
5/4/2015,Plant Closing,Raytheon Company,"1515 Stewart Avenue Westbury, NY",Nassau County,(847) 946-7170,Air Traffic Control Optimum Training Solution,33,33,9/8/2015,ATCOTS contract awarded to SAIC,Employees do  not have bumping rights.,Plant Closing
6/19/2015,Plant  Layoff,Father Flanagan's Boys' Home,"d/b/a Boys Town New York,  Incl (Boys Town) 451 Park Avenue South, 2nd  Floor New York, NY 10016",New York County,(212) 725-4260,Children and family services,83,,9/19/2015,Economic,There are no  applicable bumping rights. There are no  unions representing affected employees.,Plant Layoff
3/5/2015,Plant Layoff,Father Flanagan's Boys' Home,"d/b/a Boys Town New York,  Incl (Boys Town) 451 Park Avenue South, 2nd  Floor New York, NY 10016",Livingston/Monroe County,(585) 991-5287,Private Collection Agency,60,,To,Termination of Contract with Department of Education,There are no bumping rights and the affected employees are not represented by a union.,Plant Layoff
6/12/2015,Plant Closing,Earthlink,"275 Northpointe Parkway Amherst, NY 14228",Erie County,(585) 530-2797,Outsourced call center-desktop support,65,65,To,Economic,None of the affected employees are represented by a labor organization.,Plant Closing
5/1/2015,Plant  Closing,Visiting Nurse Service of New  York Home Care (VNSNY Home Care),"Headstart Program 216-20 Beach 87th Street Rockaway Beach, NY 11693",Queens County,(212) 609-7880,Headstart Program,48,48,8/31/2015,Transfer of program to Child Development Institute,1199 SEIU United Healthcare Workers East,Plant Closing
3/20/2014,Plant  Closing,ConAgra Foods Inc.,"aka The Carriage House Companies, Inc. 196 Newton Street Fredonia, NY",Chautauqua County,(716) 673-8265,Manufacturing plant,395,395,To,Economic,National  Conference Firemen & Oilers District of Local  32 BJ/S.E.I.U.,Plant Closing
6/3/2015,Plant Unit Closing,Bank of America,"Consumer & LAS Operations 300 Broadhollow Road Melville, NY 11747",Suffolk County,(202) 661-7130,Bank,29,29,9/1/2015,Economic,No bumping  rights exist and associates are not represented by a Union.,Plant Unit Closing
6/4/2015,Plant  Layoff,Eastman Kodak,"Eastman Business Park 343 State Street Rochester, NY",Monroe County,(585) 781-1758,Photographic equipment and supplies,1,,9/1/2015,Economic,Bumping rights  do not exist.,Plant Layoff
6/7/2015,Plant  Closing,"Euromarket Designs, Inc.","d/b/a Crate & Barrel 650 Madison Avenue New York, NY 10022",New York County,(212) 519-5663,Retail Store,137,137,to,Economic,"None of the  individuals are represented by a union or other third party representative, and  no bumping rights exist.",Plant Closing
2/2/2015,Plant Layoff,"Euromarket Designs, Inc.","d/b/a Crate & Barrel 650 Madison Avenue New York, NY 10022",New York County,(212) 235-5888,Transportation,121,,To,Economic,"Transport Workers Union of America, Local 225",Plant Layoff
6/2/2015,Plant Closing,"Euromarket Designs, Inc.","d/b/a Crate & Barrel 650 Madison Avenue New York, NY 10022",Cayuga County,(315) 282-6296,Air conditioning manufacturing,45,310,(7th,Economic,"United Steelworkers, Local 32",Plant Closing
6/1/2015,Plant Closing,"Euromarket Designs, Inc.","d/b/a Crate & Barrel 650 Madison Avenue New York, NY 10022",Onondaga County,(617) 464-8981,Designs and manufactures electronic controls,47,47,Will,Economic,No union,Plant Closing
6/2/2015,Plant  Closing,"Mel S. Harris and Associates,  LLC","5 Hanover Square, 8th Floor New York, NY 10004",New York County,(212) 571-4900,Law Firm,53,53,9/4/2015,Economic,"The Company is not part of a union; therefore, no  bumping rights are either applicable or exist.",Plant Closing
6/1/2015,Plant  Layoff,Mount Kisco Medical Group PC  (MKMG),"6734 Route 9 Rhinebeck, NY 12572",Dutchess/Westchester County,(914) 302-8474,Medical Group,6,,8/30/2015,Economic,The affected  employees are not represented by any union and there are no bumping rights at  these facilities.,Plant Layoff
5/14/2015,Plant Layoff,The Children's Aid  Society,"(Central Office) 105 E 22nd Street New York, NY 10010",New York County,(212) 949-4952,Family Services,45,,Layoffs,Economic,"AFSCME DC 1707, Local 205",Plant Layoff
5/28/2015,Plant  Closing,Commission on Economic Opportunity,"Stepping Stones II 300 Valley View Boulevard Rensselaer, NY 12144",Rensselaer County,(518) 272-6012 Ext 281,Childcare center,34,34,8/28/2015,Economic,Bumping  rights for affected employees do not exist.,Plant Closing
5/28/2015,Plant Layoff,Honeywell Scanning and  Mobility,"700 Visions Drive POB 208 Skaneateles Falls, NY 13153",Onondaga County,(319) 369-3552,Developing and Manufacturing - Clean Energy Systems,1,,9/30/2015,Economic,Employees are  not represented by a union and do not have bumping rights.,Plant Layoff
5/26/2015,Plant Closing,PricewaterhouseCoopers LLP,"80 State Street Albany, NY 12202",Albany County,(727) 729-2602,Financial investment advice services,38,38,8/31/2015,Economic,No applicable  bumping rights and no individuals are represented by a union or labor  organization.,Plant Closing
5/26/2015,Plant Closing,"Derle Farms, Inc.","156-02 Liberty Avenue Jamaica, NY 11433",Queens County,(718) 257-2040Ext 122,Milk and milk byproducts sales and distribution,72,72,to,Relocation of operations to new location,Teamsters Local 553,Plant Closing
5/20/2015,Plant  Layoff,Eastman Kodak,"Kodak Research Labs 1999 Lake Avenue Rochester, NY",Monroe County,(585) 781-1758,Photographic equipment and supplies,1,,8/17/2015,Economic,Bumping rights  do not exist.,Plant Layoff
5/20/2015,Plant Closing,Eastman Kodak,"Kodak Research Labs 1999 Lake Avenue Rochester, NY",Clinton County,(845) 602-3611,Pharmaceuticals,12,,To,Economic,Local 95c International Chemical Workers Union/UFCW,Plant Closing
1/27/2015,Plant Layoff,Eastman Kodak,"Kodak Research Labs 1999 Lake Avenue Rochester, NY",Steuben County,(607) 324-8745,Hospital,55,,to,Economic,Bumping rights do not exist because none of the affected employees are members of a labor organization.,Plant Layoff
5/7/2015,Plant  Unit Closing,"DAL Global Services, LLC","John F. Kennedy International  Airport Jamaica, NY",Queens County,(718) 751-4462,Baggage Handling,46,46,6/1/2015,Loss of contract with International Air Terminal LLC  to Air Serv Corporation,No bumping rights exist.,Plant Unit Closing
5/12/2015,Plant  Layoff,Eastman Kodak,"Eastman Business Park 343 State Street Rochester, NY",Monroe County,(585) 781-1758,Photographic equipment and supplies,1,,8/9/2015,Economic,Bumping rights  do not exist.,Plant Layoff
3/31/2015,Plant Closing,American Bible Society,"1865 Broadway New York, NY 10023",New York County,(212) 408-1566,Bible society,30-35,30-35,6/30/2015,"Relocation to Philadelphia, PA",The affected workers are not represented by a union.,Plant Closing
5/7/2015,Plant  Closing,"Delaware and Hudson Railway  Company, Inc.","200 Clifton Corporate Parkway Clifton Park, NY 12065",Saratoga/Albany/Washington County,(612) 904-6191,Railroad,165,165,8/15/2015,Sale of Business,"International  Brotherhood of Electrical Workers, National Conference of Fireman & Oilers,  Allied Services Division - Police, Brotherhood of Railway Carmen, BMWED-IBT,  ARASA/TCU/IAM Mechanical, United Transportation Union, Yardmaster Department,  IAMAW, UTU-SMART, American Railway & Airway Supervisors Association –  Engineering Division, Brotherhood of Locomotive Engineers & Trainmen,  Brotherhood of Railroad Signalmen",Plant Closing
5/8/2015,Plant  Closing,"Uni-Select USA, Inc.","601 Vickers Street Tonawanda, NY 14150",Erie County,(716) 531-9247,Wholesale  Automobile Parts and Supplies Warehouse,33,33,First,Economic,"International Brotherhood of Teamsters, Teamsters Local 449",Plant Closing
4/30/2015,Plant Layoff,"Arrow Electronics, Inc.","70 Maxess Road Melville, NY 11747",Suffolk County,(303) 824-4181,Electronic Contractors,93,,to,Relocation of some of the facility’s operations to  Colorado,There are no  bumping rights and the affected employees are not represented by a union.,Plant Layoff
12/9/2014,Plant  Unit Closing,"Seneca Data Distributors -  wholly-owned subsidiary of Arrow Electronics, Inc.","7401 Round Pond Road N. Syracuse, NY 13212",Onondaga County,(303) 824-4186,Electronics warehouse,45,45,To,"Warehouse operations will be relocated to  a sight in Phoenix, Arizona","No union  represents the affected employees, nor do they have bumping rights.",Plant Unit Closing
5/8/2015,Plant  Layoff,"Amertex Textile Services,  Inc.","231 Rider Avenue Bronx, NY 10451",Bronx County,(718) 665-2225,Laundry Service,95,,8/7/2015,Economic,Laundry Distribution and Food Service Joint Board,Plant Layoff
5/7/2015,Plant Closing,Lackmann Culinary Services,"c/o Stony Brook University Kelly Dining Center Stony Brook, NY 11794",Suffolk County,(718) 640-6289,Food Services,386,386,To,Loss of Contract,Local 1102 RWDSU UFCW,Plant Closing
12/8/2014,Plant Closing,Lackmann Culinary Services,"c/o Stony Brook University Kelly Dining Center Stony Brook, NY 11794",Suffolk County,(718) 559-0529,Mental Health Clinic,46,46,-----,New entity to take over operations of all sites,There are no bumping rights. Affected employees are not represented by a union.,Plant Closing
4/30/2015,Plant Layoff,Lackmann Culinary Services,"c/o Stony Brook University Kelly Dining Center Stony Brook, NY 11794",Monroe County,(585) 781-1896,Photographic equipment and supplies,4,,7/28/2015,Economic,Bumping rights do not exist.,Plant Layoff
4/1/2015,Plant Unit Closing,JP Morgan Chase &  Co.,"Global Technology Department 100 College Place Syracuse  University, Lyman Hall Syracuse, NY 13244",Onondaga County,(212) 270-6302,Financial,92,92,6/30/2015,Economic,Affected  employees are not represented by a union and bumping rights do not exist.,Plant Unit Closing
1/12/2015,Plant Closing/Layoff,"Wenner Bakery Products, Inc.  - Parbake Facility","1000 Sylvan Avenue/33 Rajon  Road Bayport, NY 11705",Suffolk County,(631) 563-6262,Parbake facility for baked goods,43,43,6/1/2015,Economic,There are no  bumping rights and the affected employees are not represented by a union.,Plant Closing
5/5/2015,Plant  Layoff,"Land O'Lakes, Inc./Freshway  Distributors","40 Ludy Street Hicksville, NY 11802",Nassau County,(516) 870-3094,Food Distributor,32,,to,Consolidating operations,Employees are  not represented by a union and there are no bumping rights at this facility.,Plant Layoff
5/5/2015,Plant Closing,"Northern Leasing Systems,  Inc.","132 West 31st Street New York, NY 10001",New York County,(212) 554-7800,Leasing company,29,29,7/31/2015,"Certain  departments will relocate to Jersey City, NY & Albany, NY",There are no  bumping rights.,Plant Closing
5/1/2015,Plant Closing,"Johnson Controls, Inc. @  Bristol Myers Squibb","6000 Thompson Raod East Syracuse, NY 13057",Onondaga County,(908) 835-0420,Operations and Maintenance,39,39,7/31/2015,Economic,IUOE Local 832 Operating Engineers,Plant Closing
10/31/2014,Plant Closing,"Windmill Distributing  Company, LP","Pier 7, 2 Atlantic Avenue Brooklyn, NY 11201",Kings County,(718) 609-7221,Beverage Distributor,499,499,-----,Integration  between Windmill and Manhattan Beer resulting in the closing of Windmill.,Teamsters Local 812,Plant Closing
5/1/2015,Plant Closing,Catholic Charities  Neighborhood Services,"Residences and Day  Habilitation 191 Joralemon Street 14th Floor Brooklyn, NY 11201",Kings/Queens County,(718) 722-6181,Developmental Disabilities Program,719,719,8/1/2015,Terminating Sponsorship,"District Council 1707, UFCW Local 888",Plant Closing
4/21/2015,Plant Layoff,Visiting Nurse Service of New  York Home Care (VNSNY Home Care),"Bulova Corporate Center 75-20 Astoria Boulevard Suite 220 Jackson Heights, NY",Queens/New  York County,(212) 609-7880,Visiting Nurse Service,11,,7/20/2015,Economic,"1199 SEIU  United Healthcare Workers East 
and United Federation of Teachers",Plant Layoff
4/30/2015,Plant Unit Closing,Xerox Corporation,"800 Phillips Road Webster, NY 14580",Monroe County,(847) 928-5839,Corporate Trucking & Cross Dock Operations,35,35,7/29/2015,Outsourcing  Corporate Trucking & Cross Dock Operations,"Workers United  Rochester Regional Joint Board, Local 14A",Plant Unit Closing
4/30/2015,Plant  Layoff,"ALM Media, LLC","120 Broadway New York, NY 10271",New York County,(212) 457-9430,Magazine & Journal Publishing and Marketing,61,,To,Economic,No bumping  rights exist.,Plant Layoff
4/30/2015,Plant  Closing,Gildan Apparel USA formerly  New Buffalo Shirt Factory,"4055 Casilio Parkway Clarence, NY 14031",Erie County,(716) 407-5246,Apparel,85,85,To,Economic,-----,Plant Closing
4/23/2015,Plant Closing,Durham School Services,"178 Newbury Street Rochester, NY 14613",Monroe County,(630) 210-2724,Transportation,142,142,7/23/2015,Contract with City of Rochester School not renewed,"United Food & Commercial Workers International Union, CLC",Plant Closing
4/24/2015,Plant  Closing,Brighter Choice Charter  Middle School for Boys,"395 Elk Street Albany, NY 12206",Albany County,(518) 694-5550,Middle School,37,37,7/22/2015,Economic,Bumping rights for affected employees do not exist and employees are not represented by  a union.,Plant Closing
2/27/2015,Plant Closing,Mondrian Soho Hotel,"Morgans Hotel Group  Management LLC 9 Crosby Street New York, NY 10013",New York County,(212) 554-6040,Hotel,198,198,on,Foreclosure-possible sale,New York Hotel & Motel Trades Council,Plant Closing
4/24/2015,Plant  Layoff,"Chancellor, Masters and  Scholars of the University of Cambridge","Cambridge University Press 32 Avenue of the Americas New York, NY 10013",New York County,(212) 337-5957,"Publisher of digital books, hard cover books,  journals, educations",67,190,7/31/2015,Economic,None of the  employees are unionized and there are no provisions regarding bumping rights.,Plant Layoff
4/20/2015,Plant  Closing,UNY LLC a/k/a General Super  Plating,"5762 Celi Drive East Syracuse, NY 13057",Onondaga County,(716) 864-7377,Plating on Plastics,95,95,To,Economic,IUE/CWA 81319,Plant Closing
3/26/2015,Plant Closing,All American School Bus Corp.,"11-08 30th Avenue Long Island City, NY 11102",Queens/Kings County,(718) 932-1500 Ext 132,School  Bus Transportation,207,207,-----,Economic,Bumping rights  do not exist.,Plant Closing
4/27/2015,Plant  Unit Closing,"NCO Financial Systems, Inc.","Extended Office Services  (EOS) Two Huntington Quadrangle, Suite  3NO2 Melville, NY 11747",Nassau County,(716) 400-1642,Financial Consultants,28,28,7/27/2015,Economic,Bumping rights  do not exist.,Plant Unit Closing
4/21/2015,Plant  Layoff,Visiting Nurse Service of New  York Home Care (VNSNY Home Care),"375 North Broadway, Suite 101 Jericho, NY 11753",Nassau County,(212) 609-7880,Visiting Nurse Service,5,,7/20/2015,Economic,1199 SEIU United Healthcare Workers East,Plant Layoff
4/23/2015,Plant Layoff,Visiting Nurse Service of New  York Home Care (VNSNY Home Care),"375 North Broadway, Suite 101 Jericho, NY 11753",Onondaga County,(412) 349-2691,Developing and Manufacturing - Clean Energy Systems,41,,to,Economic,Employees are not represented by a union and do not have bumping rights.,Plant Layoff
4/16/2015,Plant Closing,HP Hood LLC,"Heluva Good Cheese Plant 6551 Pratt Road Sodus, NY 14551",Wayne County,(315) 829-6316,Cheese Plant - cut and wrap,53,53,To,Economic,"The employees  are not represented by a union, and do not have any bumping rights.",Plant Closing
4/9/2015,Plant  Layoff,Eastman Kodak,"Eastman Business Park 343 State Street Rochester, NY",Monroe County,(585) 781-1896,Photographic equipment and supplies,21,,7/7/2015,Economic,Bumping rights  do not exist.,Plant Layoff
4/22/2015,Plant  Closing,Catholic Charities  Neighborhood Services,"Early Childhood Education  Program John F. Kennedy ELCC 103-15 Farragut Road Brooklyn, NY 11236",Kings County,(718) 722-6181,Early Childhood Education,23,23,7/17/2015,Economic,"Local 205, District Council 1707, AFSCME",Plant Closing
4/14/2015,Plant Layoff,Eastman Kodak Company  (Eastman Business Park),"1669 Lake Avenue Rochester, NY 14650",Monroe County,(585) 781-1896,Photographic equipment and Supplies,1,,7/12/2015,Economic,The affected  workers are not represented by a union.,Plant Layoff
4/17/2015,Plant  Closing,First Student,"1301 Hillside Avenue Niskayuna, NY 14608",Schenectady County,(518) 860-0701,Transportation,62,62,7/1/2015,Economic,Employees are  not represented by a labor organization.,Plant Closing
4/16/2015,Plant Closing,Goya Foods,"201 Grumman Road West Bethpage, NY 11714",Nassau County,(201) 553-4975,Food products,57,57,7/16/2015,Economic,"United Food & Commercial Workers, Local 888",Plant Closing
4/16/2015,Plant Closing,Daikin Applied,"4900 Technology Park  Boulevard Auburn, NY 13021",Cayuga County,(315) 282-6296,Air conditioning manufacturing,1,310,(6th,Economic,"United Steelworkers, Local 32",Plant Closing
1/28/2015,Plant Closing,"Hugo Neu Recycling, LLC","518 Franklin Avenue Mount Vernon, NY 10550",Westchester County,(914) 530-2350,Recycling Facility,27,27,to,"Relocation of  operations to Kearny, NJ site","There is no  union that represents employees and no provision for transfer, bumping, or  reassignment of employees.",Plant Closing
4/13/2015,Plant  Closing,Academy of Our Lady of Good  Counsel High School,"52 North Broadway White Plains, NY 10603",Westchester County,(914) 949-0178,High School,48,48,8/31/2015,Economic,There is no  union.,Plant Closing
4/13/2015,Plant  Closing,SMG @ the Nassau Veterans  Memorial Coliseum (Nassau Coliseum),"1255 Hempstead Turnpike Uniondale, NY 11553",Nassau County,(516) 794-9300,Sports arena,2540,2540,7/17/2015,Refurbishing facility,Bumping rights  do not exist.,Plant Closing
4/9/2015,Plant Closing,Quality Transportation Corp.,"612 Wortman Avenue Brooklyn, NY 11208",Kings County,(718) 209-5500 Ext 6398,Transportation,100,100,6/26/2015,Loss of Contract with NYC,"Transportation  Workers Union of Greater New York, AFL-CIO Local 100",Plant Closing
4/8/2015,Plant Closing,"Sodexo, Inc. - Hospitality  Services at Niagara University","Vincentian Drive, Clet Dining  Hall Niagara University, NY 14109",Erie County,(716) 286-8397,Food Services,167,167,6/1/2015,Loss of contract,UFCW District Union Local One,Plant Closing
4/10/2015,Plant  Closing,"Vanilla Fudge, LLC, Sweet  Dream Desserts, LLC and Great American Dessert Company LLC d/b/a","GAD Bakeries 58-42 Maurice Avenue Maspeth, NY 11378",Queens County,(718) 894-3494  Ext 12,Bakery,75,75,7/10/2015,"Relocation of operations to Burlington, NJ","Bakery, Confectionary, Tobacco and Grain Millers  International Union, AFL-CIO, Local 53",Plant Closing
4/9/2015,"Plant  
Unit
 Closing",Jefferies LLC - Bache  Division,"520 Madison Avenue, 10th  Floor New York, NY 10022",New York County,(212) 284-2070,Brokerage and Clearing services,120,120,to,Economic,Bumping  rights are not recognized. The affected  employees are not represented by any union.,"Plant 
Unit
 Closing"
9/5/2014,Plant Layoff,Jefferies LLC - Bache  Division,"520 Madison Avenue, 10th  Floor New York, NY 10022",Suffolk County,(314) 493-7110,Commercial Packaging Operations-Pharmaceuticals,446,----,90,Purchased by Actavis – relocation of most of its operations to New Jersey,Affected employees are not represented by a union.,Plant Layoff
4/6/2015,Plant Layoff,Jefferies LLC - Bache  Division,"520 Madison Avenue, 10th  Floor New York, NY 10022",New York County,(212) 846-1191,Subscription Television Services,18,,to,Restructuring,There will not be any bumping rights for the affected employees. The affected employees are not represented by any union.,Plant Layoff
4/7/2015,Plant  Closing,Sears Holdings Corporation,"Retail Store & Auto  Center Units 02603 & 06639 Rt 5 & 5A Sangertown Sq New Hartford, NY 13413",Oneida County,(847) 286-2500,Retail Store and Auto Center,109,109,on,Economic,No union organization at this facility and there are no applicable bumping or transfer  rights.,Plant Closing
9/25/2014,Plant Closing,"Fenner Precision, Inc.","852 Kensington Avenue Buffalo, NY 14215",Erie County,(717) 664-8239,Custom Polyurethane Products,60,60,layoffs,Economic,"Teamsters 449 - 
No union presence after 1/1/2015",Plant Closing
3/30/2015,Plant Layoff,Eastman Kodak Company  (Eastman Business Park),"1669 Lake Avenue Rochester, NY 14650",Monroe County,(585) 781-1896,Photographic equipment and Supplies,2,,6/27/2015,Economic,The affected  workers are not represented by a union.,Plant Layoff
4/1/2015,Plant  Closing,SCO Family of Services,"@ The Renaissance Men's  Shelter 599 Ralph Avenue Brooklyn, NY 11223",Kings County,(516) 671-1253,Men's Shelter,34,34,7/1/2015,Transition of services to another agency,There are no  bumping rights and the affected employees are not represented by a union.,Plant Layoff
4/1/2015,Plant Layoff,Duralee Fabrics Ltd.,"1775 5th Avenue Bay Shore, NY 11706",Suffolk County,(631) 273-8800 Ext 4216,Decorative Fabric Designers,64,,To,"Relocation to Morganton, NC facility",Bumping  rights do not exist.,Plant Layoff
3/30/2015,Plant Layoff,Center for Educational  Innovation (CEI),"28 West 44th Street, Suite  300 New York, NY 10036",New York County,(212) 302-8800,Educational Support Services,32,110,7/1/2015,Loss of  a New York City Department of Education contract,The affected  workers are neither unionized nor impacted by bumping rights.,Plant Layoff
3/24/2015,Plant Closing,"Volunteers of America-Greater  New York, Inc.","(Keener Assessment & Rapid Rehousing  Shelter) One Keener Building Ward's Island, NY 10035",New York County,(212)  369-8900 ext. 6201,Homeless shelter facility,39,39,6/30/2015,The Department of Homeless Services awarded  the contract for the Keener General Population Shelter to another service  provider.,Affected  workers are not represented by a union.,Plant Closing
3/9/2015,Plant Layoff,Richmond University Medical  Center (RUMC),"355 Bard Avenue Staten Island, NY 10310",Richmond County,(718) 818-2438,Security Guard Services for RUMC,31,,6/9/2015,"Outsourcing security guard services to  AlliedBarton Security Services.
Agreement between Allied Barton and Richmond University Medical Center has been terminated and as a result  there is no outsourcing or layoff planned.",There are no  bumping rights and the affected employees are not represented by a union.,Plant Layoff
3/31/2015,Plant Closing,LifeMed Pharmacy LLC,"447 Doughty Boulevard Inwood, NY 11096",Nassau County,(954) 798-5261,Institutional pharmacy that provides medications to residents of skilled nursing facilities.,65,65,5/31/2015,Sale of company,Amalgamated Local  Union No. 298,Plant Closing
3/26/2015,Possible Plant Closing,"DAL Global Services, LLC @  Etihad Airways - Kennedy International Airport","Etihad Airways at John F.  Kennedy International Airport Jamaica, NY",Queens County,(718) 704-2575,"Supplier of passenger, security and ground services  for Etihad",122,122,5/31/2015,Possible loss of contract with Etihad,The affected  workers are not represented by a union.,Possible Plant Closing
3/25/2015,Plant Closing,"Sodexo, Inc. (@Siena College)","515 Loudon Road, Serra Hall Loudonville, NY 12211",Albany County,(518) 365-4670,Food Services,193,193,6/1/2015,Loss of contract to AVI Food Systems,The affected workers are not represented by a union.,Plant Closing
3/27/2015,Plant Closing,"Grandpa's Bus  Co., Inc.","145-40 155th  Street Jamaica, NY 11434",Queens County,(718) 738-7373,Transportation  Services,29,(2733,6/26/2015,Non-renewal of contract with New York City  Department of Education,"Amalgamated  Transit Union, Local 1181-1061, AFL-CIO and  Local Union No. 91, United Crafts and Industrial Union",Plant Closing
3/17/2015,Plant Closing,"Jofaz Transportation, Inc.","1 Coffey Street Brooklyn, NY 11231",Kings County,(718) 852-0286,Transportation,350,350,6/30/2015,Loss of Contract with NYS Department ofEducation,Teamsters Local 553,Plant Closing
3/11/2015,Plant Layoff,"Viacom International, Inc. (VII)","Viacom Inc. 1515 Broadway New York, NY 10036",New York County,(212) 846-1191,Subscription Television Services,240,,to,Restructuring,There will  not be any bumping rights for the affected employees. The affected employees are not represented by any union.,Plant Layoff
3/25/2015,Plant Closing,"Skyline Tours, LLC","221 West 37th Street New York, NY 10028",New York County,(212) 299-4915,Transportation services,60,60,3/25/2015,Economic  - Sale of company's assets,"Local 621, UCTIE",Plant Closing
3/24/2015,Plant Layoff,Eastman Kodak Company  (Eastman Business Park),"1669 Lake Avenue Rochester, NY 14650",Monroe County,(585) 781-1896,Photographic equipment and Supplies,2,,6/21/2015,Economic,The affected  workers are not represented by a union.,Plant Layoff
3/27/2015,Plant Closing,Milestone School for Child  Development,"15 Hanover Place Brooklyn, NY 11201",Kings County,(347) 916-0333 ext. 4246,School,73,73,6/24/2015,Economic,None of the  affected workers are represented by a union.,Plant Closing
3/26/2015,Plant Closing,Milestone School for Child  Development,"15 Hanover Place Brooklyn, NY 11201",Bronx County,(718) 373-8930,Transportation services,349,349,6/30/2015,Non renewal of contract with New York City Department of Education,Division 1181 A.T.U.,Plant Closing
3/26/2015,Plant Closing,Milestone School for Child  Development,"15 Hanover Place Brooklyn, NY 11201",Richmond/Queens/Bronx County,(718) 984-8077,Transportation services,519,519,6/26/2015,Non renewal of contract with New York City Department of Education.,Local 1181 A.T.U.,Plant Closing
3/27/2015,Plant Closing,Milestone School for Child  Development,"15 Hanover Place Brooklyn, NY 11201",Monroe County,(212) 270-7362,Chase Mortgage Banking,390,390,6/24/2015,Economic,"The employees affected are not represneted by a union, and bumping rights do not exist.",Plant Closing
3/20/2015,Plant  Closing,Carrier Corporation,"6304 Thompson Road Bldg TR-2 Syracuse, NY 13221",Onondaga County,(315) 432-3681,Warehouse – Performance Parts Group,58,76,To,Relocation,Sheet Metal Workers International Local 58,Plant Closing
3/17/2015,Plant Closing,"3rd Avenue Transit, Inc.","1 Coffey Street Brooklyn, NY 11231",Kings County,(718) 852-0286,Transportation,60,60,6/30/2015,Loss of Contract with NYS DOE,Local 91,Plant Closing
3/20/2015,Plant Closing,Homes for the Homeless (HFH),"521 West 49th Street New York, NY 10019",New York County,(212) 529-5252,Social Services Organization,34,34,6/30/2015,Economic,International Union of Journeymen and Allied Trades  Local 726,Plant Closing
3/9/2015,Plant Closing,Daikin Applied,"4900 Technology Park  Boulevard Auburn, NY 13021",Cayuga County,(315) 282-6296,Air conditioning manufacturing,2,,(4th,Economic,"United Steelworkers, Local 32",Plant Closing
3/19/2015,Plant  Layoff,Eastman Kodak,"Kodak Research Labs 1999 Lake Avenue Rochester, NY",Monroe County,(585) 781-1896,Photographic equipment and supplies,1,,6/16/2015,Economic,Bumping rights  do not exist.,Plant Layoff
3/23/2015,Plant  Closing,"Visiting Nurses Association  of Long Island, Inc.","100 Garden City Plaza #100 Garden City, NY 11530",Nassau County,(516) 739-1270 Ext 203,Nursing Services,93,93,to,Economic,No union affiliation.,Plant Closing
3/18/2015,Plant  Closing,HHH Home Care Inc.,"2100 Bartow Avenue Bronx, NY 10475",Bronx County,(914) 989-7876,Home Health Care Services,72,72,To,Cessation of management services to Licensed Home Care Services Agency,1199 SEIU,Plant Closing
3/14/2015,Plant  Closing,Metro Cable Communications  Inc.,"2658 Borough Place Woodside, NY 11377",Queens County,(718) 606-7302,"Cable & Satellite Television, Telecommunications  Services",226,226,to,Economic,International Brotherhood of Electrical Workers (IBEW)  Local 3,Plant Closing
3/17/2015,Plant  Closing,Novartis Pharmaceuticals  Corporation,"25 Old Mill Road Suffern, NY 10901",Rockland County,(845) 368-6086,Pharmaceutical Manufacturing,89,----,4th,Economic,No union representation; bumping arrangements are not available for affected  employees.,Plant Closing
1/29/2015,Plant  Closing,ConAgra Foods Inc.,"aka The Carriage House Companies, Inc. 196 Newton Street Fredonia, NY",Chautauqua County,(716) 673-8265,Manufacturing plant,11,,5/2/2015,Economic,National  Conference Firemen & Oilers District of Local  32 BJ/S.E.I.U.,Plant Closing
3/12/2015,Plant  Layoff,"Dayton Rogers of New York,  LLC","150 Fedex Way Rochester, NY 14624",Monroe County,(585) 349-9319,Metal Forming - Engineering and Manufacturing division,35,39,6/12/2015,Economic,UAW Local 1097,Plant Layoff
3/13/2015,Plant  Closing,Morris Okun Inc.,"New York City Terminal Market Hunts Point Bronx, NY 10474",Bronx County,(718) 589-7700,Warehouse,115,115,6/12/2015,Sale of site to Katzman Produce Inc.,"Local 202 IBT or OPEIU, Locval 153",Plant Closing
11/11/2014,Plant Closing,Daikin Applied,"4900 Technology Park  Boulevard Auburn, NY 13021",Cayuga County,(315) 282-6296,Air conditioning manufacturing,33,280,(3rd,Economic,"United Steelworkers,  Local 32",Plant Closing
3/5/2015,Plant  Layoff,Eastman Kodak,"Eastman Business Park 343 State Street Rochester, NY",Monroe County,(585) 781-1896,Photographic equipment and supplies,3,,6/2/2015,Economic,Bumping rights  do not exist.,Plant Layoff
3/4/2015,Plant Unit Closing,"DAL Global Services, LLC","Delta Air Lines – Airline  Services John F Kennedy International  Airport Jamaica, NY",Queens County,(404) 715-8867,Airline cabin and baggage handling services,621,621,6/1/2015,Loss of contract with Delta Airlines to Air Serv Corporation,No bumping  rights are provided.,Plant Unit Closing
3/6/2015,Plant  Closing,Soft Card,"230 Park Avenue, 27th Floor New York, NY 10169",New York County,(972) 674-8590,Computer and software products,41,41,6/6/2015,Economic,There is no  union and no bumping rights exist.,Plant Closing
2/25/2015,Plant  Closing,Cache Inc.,"256 West 38th Street, 2nd  Floor New York, NY 10018",New York County,(212) 789-1333,Administrative Offices,103,103,To,Bankruptcy,There are no  bumping rights at this facility. The  affected employees at this facility are not represented by any union.,Plant Closing
3/4/2015,Plant Layoff,"Ferguson NY Metro, Inc.","152 41st St Brooklyn, NY",Kings County,(757) 989-2992,Supplier of mechanical pipe supplies and general  machining,12,,6/5/2015,Economic,"UFCW Local 888, Enterprise Association Steamfitters  Local 638, Plumbing % Heating Wholesalers Employers Association, Inc.",Plant Layoff
3/5/2015,Plant  Closing,Phoenix House Westchester  Academy,"3151 Stoney Street Shrub Oak, NY 10588",Westchester County,(718) 222-6649,Drug Rehabilitation,56,57,Expected,Economic,Bumping rights  do not exist. No union representative.,Plant Closing
3/3/2015,Plant Unit Closing,Phoenix House Westchester  Academy,"3151 Stoney Street Shrub Oak, NY 10588",New York County,(718) 505-4750,Airline cabin services,178,178,"6/1/2015,or",Loss of contract to Gate Aviation,Bumping rights do not exist.,Plant Unit Closing
10/6/2014,Plant Closing,Phoenix House Westchester  Academy,"3151 Stoney Street Shrub Oak, NY 10588",Queens County,(718) 430-2541,Substance Abuse Treatment,57,57,3/29/2015,Montefiore Medical Center will take over facilities,"1199 SEIU, New York State Nurses Association",Plant Closing
3/2/2015,Plant Unit Closing,Phoenix House Westchester  Academy,"3151 Stoney Street Shrub Oak, NY 10588",Steuben County,(615) 301-7100,Marketing Consulting Services,120,,4/27/2015,Departure of a client campaign,There are no bumping rights.,Plant Unit Closing
2/26/2015,Plant Layoff,Phoenix House Westchester  Academy,"3151 Stoney Street Shrub Oak, NY 10588",Monroe County,(585) 781-1896,Photographic equipment and supplies,3,,5/26/2015,Economic,Bumping rights do not exist.,Plant Layoff
2/26/2015,Plant Closing,Phoenix House Westchester  Academy,"3151 Stoney Street Shrub Oak, NY 10588",Queens County,(347) 624-5602,Hotel,44,44,on,Economic,"New York Hotel & Motel Trades Council, AFO-CIO, UNITE HERE",Plant Closing
2/23/2015,Plant Closing,,"Federation Employment and Guidance Services, Inc. Health and Human Services 315 Hudson Street New York, NY 10013",New York/Kings/Queens/Bronx County,(212) 366-8319,Health and Human Services,206,1067,Commencing,Company Restructuring,"District Council 1707, CSAEU, AFSCME, AFL-CIO, Local 215",Plant Closing
1/29/2015,Plant Closing,,"Federation Employment and Guidance Services, Inc. Health and Human Services 315 Hudson Street New York, NY 10013",Suffolk County,(847) 286-2500,Retail Store and Auto Center,134,144,5/3/2015,Economic,There is no union organization at the facility and there are not applicable bumping or transfer rights.,Plant Closing
2/18/2015,Plant Closing,,"Federation Employment and Guidance Services, Inc. Health and Human Services 315 Hudson Street New York, NY 10013",Bronx County,(212) 524-5606,Home Care Services,80,80,Commencing,Termination of contract with NYC Administation for for Children’s Services (ACS),"District Council 1707, CSAEU, AFSCME<, AFL-CIO, Local 215",Plant Closing
2/19/2015,Plant  Closing,Community National Bank,"200 Middle Neck Road Great Neck, NY 11021",Nassau County,(516) 498-9111,Financial,31,31,on,Sale of business to Bridgehampton National Bank,Affected  employees are not represented by a union.,Plant Closing
2/18/2015,Plant  Unit Closing,Peninsula Counseling Center,"Valley Stream Article 31  Clinic 50 West Hawthrone Avenue Valley Stream, NY 11580",Nassau County,(718) 559-0529,Counseling Center,77,77,-----,Economic,Affected  employees are not represented by a union.,Plant Unit Closing
2/17/2015,Plant  Layoff,Trulia Inc.,"55 5th Avenue Suite 1703 New York, NY 10003",New York County,(425) 952-5856,Real Estate,7,,4/20/2015,Economic,Bumping rights  do not exist for these job classifications.  No labor unions represent any of the affected employees.,Plant Layoff
2/12/2015,Plant Layoff,Bank of America,"222 Broadway New York, NY 10038",New York County,(202) 661-7130,Financial,35,,5/13/2015,Economic,Associates are  not represented by a Union.,Plant Layoff
12/30/2014,Plant  Closing,Olympus Imaging America Inc.  and Olympus Corporation of the Americas,"400 Rabro Drive Hauppauge, NY 11788",Suffolk County,(484) 896-5060,Camera Service and repair,41,41,To,Economic,"No union representation and no applicable  policies for transfer, bumping or reassignment rights.",Plant Closing
2/12/2015,Plant  Layoff,Eastman Kodak,"Eastman Business Park 343 State Street Rochester, NY",Monroe County,(585) 781-1896,Photographic equipment and supplies,2,,5/12/2015,Economic,Bumping rights  do not exist.,Plant Layoff
7/28/2014,Plant Closing,Rivington House,"The Nicholas A. Rango  Healthcare Facility 45 Rivington Street New York, NY 10002",New York County,(212) 337-5781,Residential  facility,158,204,Layoffs,Purchased by the Allure Group effective 2/10/2015,"Special and  Superior Officer Benevolent Association, 1199 SEIU United Healthcare Workers  East",Plant Closing
2/12/2015,Plant Closing,"CreatetheGroup, Inc.","116 West Houston Street New York, NY 10012",New York County,(646) 442-8502,"Web Site Design & Services, Computer System  Designers & Consultants",38,38,5/15/2015,Economic,The Company  does not recognize “bumping rights” that would allow affected employees to  displace other employees based on seniority or any other factor.,Plant Closing
2/2/2015,Plant Closing,Jack Spade and Kate Spade  Saturday,"2 Park Avenue New York, NY 10016",New York County,(212) 739-6539,Designer Clothing,47,47,Layoffs,Brand overhaul,The affected  employees are not represented by a union.,Plant Closing
1/26/2015,Plant Layoff,Gamma North Corporation,"13595 Broadway Alden, NY 14004",Erie County,(905) 695-6996,Building Contractors,81,99,To,Economic,IUPAT Painters District Council #4,Plant Layoff
2/5/2015,Plant  Layoff,Eastman Kodak,"Eastman Business Park 343 State Street Rochester, NY",Monroe County,(585) 781-1896,Photographic equipment and supplies,1,,5/5/2015,Economic,Bumping rights  do not exist.,Plant Layoff
1/29/2015,Plant  Layoff,Eastman Kodak,"Eastman Business Park 343 State Street Rochester, NY",Monroe County,(585) 781-1896,Photographic equipment and supplies,3,,4/28/2015,Economic,Bumping rights  do not exist.,Plant Layoff
2/4/2015,Plant  Closing,Pfizer Inc.,"64 Maple Street Rouses Point, NY 12979",Clinton County,(845) 602-3611,Pharmaceuticals,8,,To,Economic,Local 95c International Chemical Workers Union/UFCW,Plant Closing
1/29/2015,Plant  Closing,Jones Apparel (US) LLC,"Jones New York Brand 1411 Broadway New York, NY 10018",New York County,(212) 790-9969,Apparel (business operations),199,199,to,Economic,There will not  be any bumping rights. None of the  affected employees are represented by a labor union.,Plant Closing
1/29/2015,Plant  Unit Closing,Sitel Operating Corporation,"101 Canada Road Painted Post, NY 14870",Steuben County,(615) 301-7100,Marketing Consulting Services,278,500,-----,Departure of a client campaign,There are no  bumping rights.,Plant Unit Closing
1/30/2015,Plant  Unit Closing,"Pyramid Management Group, LLC","Carousel Center Co. LP, Destiny USA Careers for  Tomorrow, LLC 9090 Destiny USA Drive Syracuse, NY 13204",Onondaga County,(315) 634-7822,Janitorial Services,50,50,5/1/2015,Outsourcing janitorial services,Employees are  not represented by a union and do not have any bumping rights.,Plant Unit Closing
2/3/2015,,Fujitsu Frontech North  American Inc. (FFNA),"651 Route 3 Plattsburgh, NY 12901",Clinton County,(949) 855-5550,Computer Systems Analysis and Design,38,,5/4/2015,Corporate reorganization - sale to Fujitsu America  Inc.,Bumping rights do not exist.,Plant Layoff
1/15/2015,Plant Layoff,Fujitsu Frontech North  American Inc. (FFNA),"651 Route 3 Plattsburgh, NY 12901",Monroe County,(585) 781-1896,Photographic equipment and supplies,2,,Between,Economic,Bumping rights do not exist.,Plant Layoff
1/20/2015,Plant Layoff,"Maximus, Inc.","3750 Monroe Avenue, Suite 700 Pittsford, NY 14534",Monroe County,(585) 348-3107,Medicaid and Medicare Service Contracts,52,,4/19/2015,Fulfillment  of Contract obligations under QIC Part A- West  Contract,No bumping  rights exist.,Plant Layoff
1/22/2015,Plant Layoff,Eastman Kodak Company (Eastman Park),"1669 Lake Avenue Rochester, NY 14650",Monroe County,(585) 781-1896,Photographic equipment and Supplies,1,,4/21/2015,Economic,Non-union. Bumping rights do exist.,Plant Layoff
1/23/2015,Plant Closing,Garda Cash Logistics,"1640 Veterans Memorial  Highway Central Islip, NY 11722",Suffolk County,(718) 289-2900 Ext 537151,Armored car service,86,86,4/23/2015,Consolidation of operations with Long Island City  location,Bumping  rights do not exist.,Plant Closing
1/20/2015,Plant  Layoff,"Federation Employment and  Guidance Services, Inc.","315 Hudson Street New York, NY 10013",New York/Queens/Bronx County,(212)366-8319,Health and Human Services,281,976,4/20/2015,Company Restructuring,"District Council 1707, CSAEU, AFSCME, AFL-CIO, Local 215",Plant Layoff
1/13/2015,Plant Layoff,New York Life Insurance  Company,"51 Madison Avenue New York, NY 10010",New York County,(212) 576-6598,Life Insurance,29,,To,Relocation of finance operations,There is no  union representation at this location.Bumping arrangements are not available for affected employees.,Plant Layoff
1/21/2015,Plant Closing,"Chancellor, Masters and  Scholars of the University of Cambridge","(aka Cambridge University  Press) 100 Brook Hill Drive West Nyack, NY 10994",Rockland County,(212) 337-5957,University  Newspaper,42,42,to,Economic,No union,Plant Closing
9/18/2014,Plant Closing,The Robert Mapplethorpe  Residential Treatment Facility,"327 East 17th Street New York, NY 10003",New York County,(212) 844-7673,Residential Treatment Facility,33,33,2/27/2015,Economic,"1199 SEIU United  Healthcare Workers East, 1199 RN Division",Plant Closing
1/15/2015,Plant Closing,Valley-Metro Barbosa Group  (at the Buffalo Federal Detention Facility),"4250 Federal Drive Batavia, NY 14020",Genesee County,(956) 287-7600,"Provide all detention, processing, transportation,  kitchen, laundry, warehouse and commissary services at the Buffalo Federal  Detention Facility.",256,256,1/31/2015,Loss of contract.,SEIU Local 200 United,Plant  Closing
1/21/2015,Plant Layoff,"Organic Avenue, LLC","43-46 10th Street Long Island City, NY 11101",Queens County,(212) 358-0500,Organic Food Products Manufacturing,38,73,1/21/2015,Economic,There are no  bumping rights and employees are non-union.,Plant Layoff
1/20/2015,Plant Closing,173 Food Corp.,"180 Third Avenue New York, NY 10003",New York County,(212) 254-1509,Grocery Store,30,30,4/24/2015,Economic,UFCW Local 342 &  RWDSU/UFCW Local 338,Plant Closing
1/15/2015,Plant Layoff,173 Food Corp.,"180 Third Avenue New York, NY 10003",Rockland County,(845) 602-3611,Pharmaceutical Products,50,1330,To,Company Restructuring,Local 95c ICWU/UFCW,Plant Layoff
10/14/2014,Plant Closing,RBC Capital Markets,"Technology, Operations and Functions One Liberty Plaza, 165  Broadway New York, NY 10006",New York County,(212) 428-6467,"Financial Investment Firm - Technology,  Operations and Functions groups",278,278,To,Transferred  to NJ location,RBC does not recognize bumping rights. Employees are not represented by any union.,Plant Closing
1/13/2015,Plant  Layoff,Eastman Kodak,"Eastman Business Park 343 State Street Rochester, NY",Monroe County,(585) 781-1896,Photographic equipment and supplies,6,,4/7/2015,Economic,Bumping rights  do not exist.,Plant Layoff
1/5/2015,Plant Closing,The Palm,"Operated by Just One More Restaurant  Corp. 837 Second Avenue New York, NY 10017",New York County,(202) 775-7256,Restaurant,43,43,4/6/2015,Renovations,There are no  bumping rights and employees are not represented by a union.,Plant Closing
1/6/2015,Plant  Closing,"Aron Streit, Inc.","148-152 Rivington Street New York, NY 10002",New York County,(212) 475-7000 Ext 16,Bakery - production,25,25,to,Economic,Local 53 of  the BCTGM,Plant Closing
1/6/2015,Plant  Layoff,Eastman Kodak,"Eastman Business Park 1669 Lake Avenue Rochester, NY",Monroe County,(585) 781-1896,Photographic equipment and supplies,1,,4/5/2015,Economic,Bumping rights  do not exist.,Plant Layoff
1/8/2015,Plant Closing,Eastman Kodak,"Eastman Business Park 1669 Lake Avenue Rochester, NY",Schenectady County,(646) 429-4729,Retail Store,90,90,to,Economic,The affected employees do not have bumping rights and are not represented by any labor organization or other representative.,Plant Closing
1/8/2015,Plant Closing,Eastman Kodak,"Eastman Business Park 1669 Lake Avenue Rochester, NY",Onondaga County,(646) 429-4729,Retail Store,87,87,To,Economic,The affected employees do not have bumping rights and are not represented by any labor organization or other representative.,Plant Closing
1/7/2015,Plant Layoff,"Spirit Airlines, Inc @  LaGuardia International Airport","Customer Service Operation Central Terminal Building, B  Concourse Flushing, NY 11371",Queens County,(954) 447-7863,Customer Service Operation,29,31,4/8/2015,Outsourcing operations,There is no  union that represents affected employees and there are no bumping rights.,Plant Layoff
1/6/2015,Plant Layoff,"Teva Pharmaceuticals USA,  Inc.","223 Quaker Road Pomona, NY 10970",Rockland County,(845) 362-7056,Pharmaceuticals production,4,31,will,Economic,"United Steel Paper and Forestry Rubber, Manufacturing,  Energy, Allied Industrial and Service Workers International Union, District 4.",Plant  Layoff
1/6/2015,Plant Closing,JC Penney - Store #2101  Hudson Valley Mall,"1300 Ulster Avenue, Suite 210 Kingston, NY 12401",Ulster County,(972) 431-1299,Retail Store,72,72,4/7/2015,Economic,Employees are  not represented by a union.,Plant Closing
8/18/2014,Plant  Layoff,Xerox Corporation,"800 Phillips Road Webster, NY 14580",Monroe County,(585) 423-1178,Photographic & Photocopying Equipment Mfg.,34,393,11/17/2014,Economic,"Workers United Rochester Regional Joint Board, Local  14A & International Union of Operating Engineers",Plant Layoff
10/27/2014,Plant Closing,"The Guild for Exceptional  Children, Inc.","1273 57th Street Brooklyn, NY 11219",Kings County,(347) 560-2353,Preschool,0,81,-----,Economic,CSEA,Plant Closing
1/2/2015,Plant  Closing,"Walmart Stores, Inc.","200 Sunrise Mall Massapequa, NY 11758",Nassau County,(210) 696-1773,Retail Store,295,295,3/6/2015,Economic,Affected  employees are not represented by a union nor do not have bumping rights.,Plant Closing
1/5/2015,Plant Closing,C. Wonder LLC,"1115 Broadway New York, NY 10010",New York County,(646) 532-2018,Women's clothing store,79,79,1/5/2015,Economic,Non-union and no bumping rights,Plant Closing
